<?xml version="1.0" encoding="UTF-8"?>
<project-private xmlns="http://www.netbeans.org/ns/project-private/1">
    <editor-bookmarks xmlns="http://www.netbeans.org/ns/editor-bookmarks/2" lastBookmarkId="0"/>
    <open-files xmlns="http://www.netbeans.org/ns/projectui-open-files/2">
        <group>
            <file>file:/D:/OneDrive/Documenti/Hobby/TailLightsMicroModule.X/Frequency.h</file>
            <file>file:/D:/OneDrive/Documenti/Hobby/TailLightsMicroModule.X/TIMER_ATTINY10_DEFINES.h</file>
            <file>file:/D:/OneDrive/Documenti/Hobby/TailLightsMicroModule.X/nbproject/Makefile-impl.mk</file>
            <file>file:/D:/OneDrive/Documenti/Hobby/TailLightsMicroModule.X/main.c</file>
        </group>
    </open-files>
</project-private>
